election_date,race,county,dem_candidate,rep_candidate,dem_votes,rep_votes,total_votes,source_url
2024-11-05,2024 Wisconsin Presidential,Adams,Kamala Harris,Donald Trump,4443,7763,12882,https://elections.wi.gov/sites/default/files/documents/County%20by%20County%20Report_POTUS.pdf
2024-11-05,2024 Wisconsin Presidential,Ashland,Kamala Harris,Donald Trump,4612,4191,8955,https://elections.wi.gov/sites/default/files/documents/County%20by%20County%20Report_POTUS.pdf
2024-11-05,2024 Wisconsin Presidential,Barron,Kamala Harris,Donald Trump,8941,16726,26809,https://elections.wi.gov/sites/default/files/documents/County%20by%20County%20Report_POTUS.pdf
2024-11-05,2024 Wisconsin Presidential,Bayfield,Kamala Harris,Donald Trump,6107,4860,11240,https://elections.wi.gov/sites/default/files/documents/County%20by%20County%20Report_POTUS.pdf
2024-11-05,2024 Wisconsin Presidential,Brown,Kamala Harris,Donald Trump,67937,79132,149333,https://elections.wi.gov/sites/default/files/documents/County%20by%20County%20Report_POTUS.pdf
2024-11-05,2024 Wisconsin Presidential,Buffalo,Kamala Harris,Donald Trump,2765,5213,8100,https://elections.wi.gov/sites/default/files/documents/County%20by%20County%20Report_POTUS.pdf
2024-11-05,2024 Wisconsin Presidential,Burnett,Kamala Harris,Donald Trump,3665,7008,10810,https://elections.wi.gov/sites/default/files/documents/County%20by%20County%20Report_POTUS.pdf
2024-11-05,2024 Wisconsin Presidential,Calumet,Kamala Harris,Donald Trump,12927,19488,32916,https://elections.wi.gov/sites/default/files/documents/County%20by%20County%20Report_POTUS.pdf
2024-11-05,2024 Wisconsin Presidential,Chippewa,Kamala Harris,Donald Trump,14573,23399,38471,https://elections.wi.gov/sites/default/files/documents/County%20by%20County%20Report_POTUS.pdf
2024-11-05,2024 Wisconsin Presidential,Clark,Kamala Harris,Donald Trump,4509,10481,15340,https://elections.wi.gov/sites/default/files/documents/County%20by%20County%20Report_POTUS.pdf
2024-11-05,2024 Wisconsin Presidential,Columbia,Kamala Harris,Donald Trump,16388,17988,34914,https://elections.wi.gov/sites/default/files/documents/County%20by%20County%20Report_POTUS.pdf
2024-11-05,2024 Wisconsin Presidential,Crawford,Kamala Harris,Donald Trump,3860,5113,9105,https://elections.wi.gov/sites/default/files/documents/County%20by%20County%20Report_POTUS.pdf
2024-11-05,2024 Wisconsin Presidential,Dane,Kamala Harris,Donald Trump,273995,85454,365929,https://elections.wi.gov/sites/default/files/documents/County%20by%20County%20Report_POTUS.pdf
2024-11-05,2024 Wisconsin Presidential,Dodge,Kamala Harris,Donald Trump,16518,33067,50300,https://elections.wi.gov/sites/default/files/documents/County%20by%20County%20Report_POTUS.pdf
2024-11-05,2024 Wisconsin Presidential,Door,Kamala Harris,Donald Trump,10565,10099,20944,https://elections.wi.gov/sites/default/files/documents/County%20by%20County%20Report_POTUS.pdf
2024-11-05,2024 Wisconsin Presidential,Douglas,Kamala Harris,Donald Trump,13073,11732,25234,https://elections.wi.gov/sites/default/files/documents/County%20by%20County%20Report_POTUS.pdf
2024-11-05,2024 Wisconsin Presidential,Dunn,Kamala Harris,Donald Trump,10643,14726,25678,https://elections.wi.gov/sites/default/files/documents/County%20by%20County%20Report_POTUS.pdf
2024-11-05,2024 Wisconsin Presidential,Eau Claire,Kamala Harris,Donald Trump,34400,27728,63177,https://elections.wi.gov/sites/default/files/documents/County%20by%20County%20Report_POTUS.pdf
2024-11-05,2024 Wisconsin Presidential,Florence,Kamala Harris,Donald Trump,783,2356,3158,https://elections.wi.gov/sites/default/files/documents/County%20by%20County%20Report_POTUS.pdf
2024-11-05,2024 Wisconsin Presidential,Fond Du Lac,Kamala Harris,Donald Trump,20495,37272,58527,https://elections.wi.gov/sites/default/files/documents/County%20by%20County%20Report_POTUS.pdf
2024-11-05,2024 Wisconsin Presidential,Forest,Kamala Harris,Donald Trump,1681,3382,5097,https://elections.wi.gov/sites/default/files/documents/County%20by%20County%20Report_POTUS.pdf
2024-11-05,2024 Wisconsin Presidential,Grant,Kamala Harris,Donald Trump,10966,15922,27306,https://elections.wi.gov/sites/default/files/documents/County%20by%20County%20Report_POTUS.pdf
2024-11-05,2024 Wisconsin Presidential,Green,Kamala Harris,Donald Trump,10903,10843,22076,https://elections.wi.gov/sites/default/files/documents/County%20by%20County%20Report_POTUS.pdf
2024-11-05,2024 Wisconsin Presidential,Green Lake,Kamala Harris,Donald Trump,3449,7458,11052,https://elections.wi.gov/sites/default/files/documents/County%20by%20County%20Report_POTUS.pdf
2024-11-05,2024 Wisconsin Presidential,Iowa,Kamala Harris,Donald Trump,7750,6631,14677,https://elections.wi.gov/sites/default/files/documents/County%20by%20County%20Report_POTUS.pdf
2024-11-05,2024 Wisconsin Presidential,Iron,Kamala Harris,Donald Trump,1487,2557,4084,https://elections.wi.gov/sites/default/files/documents/County%20by%20County%20Report_POTUS.pdf
2024-11-05,2024 Wisconsin Presidential,Jackson,Kamala Harris,Donald Trump,4157,6204,10502,https://elections.wi.gov/sites/default/files/documents/County%20by%20County%20Report_POTUS.pdf
2024-11-05,2024 Wisconsin Presidential,Jefferson,Kamala Harris,Donald Trump,20574,28771,50146,https://elections.wi.gov/sites/default/files/documents/County%20by%20County%20Report_POTUS.pdf
2024-11-05,2024 Wisconsin Presidential,Juneau,Kamala Harris,Donald Trump,4854,9525,14553,https://elections.wi.gov/sites/default/files/documents/County%20by%20County%20Report_POTUS.pdf
2024-11-05,2024 Wisconsin Presidential,Kenosha,Kamala Harris,Donald Trump,41826,47478,90680,https://elections.wi.gov/sites/default/files/documents/County%20by%20County%20Report_POTUS.pdf
2024-11-05,2024 Wisconsin Presidential,Kewaunee,Kamala Harris,Donald Trump,4059,8267,12484,https://elections.wi.gov/sites/default/files/documents/County%20by%20County%20Report_POTUS.pdf
2024-11-05,2024 Wisconsin Presidential,La Crosse,Kamala Harris,Donald Trump,39008,32247,72261,https://elections.wi.gov/sites/default/files/documents/County%20by%20County%20Report_POTUS.pdf
2024-11-05,2024 Wisconsin Presidential,Lafayette,Kamala Harris,Donald Trump,3469,5256,8832,https://elections.wi.gov/sites/default/files/documents/County%20by%20County%20Report_POTUS.pdf
2024-11-05,2024 Wisconsin Presidential,Langlade,Kamala Harris,Donald Trump,3746,7782,11664,https://elections.wi.gov/sites/default/files/documents/County%20by%20County%20Report_POTUS.pdf
2024-11-05,2024 Wisconsin Presidential,Lincoln,Kamala Harris,Donald Trump,6306,10633,17209,https://elections.wi.gov/sites/default/files/documents/County%20by%20County%20Report_POTUS.pdf
2024-11-05,2024 Wisconsin Presidential,Manitowoc,Kamala Harris,Donald Trump,17399,28200,46316,https://elections.wi.gov/sites/default/files/documents/County%20by%20County%20Report_POTUS.pdf
2024-11-05,2024 Wisconsin Presidential,Marathon,Kamala Harris,Donald Trump,31529,46213,78826,https://elections.wi.gov/sites/default/files/documents/County%20by%20County%20Report_POTUS.pdf
2024-11-05,2024 Wisconsin Presidential,Marinette,Kamala Harris,Donald Trump,7415,16670,24415,https://elections.wi.gov/sites/default/files/documents/County%20by%20County%20Report_POTUS.pdf
2024-11-05,2024 Wisconsin Presidential,Marquette,Kamala Harris,Donald Trump,3252,6041,9427,https://elections.wi.gov/sites/default/files/documents/County%20by%20County%20Report_POTUS.pdf
2024-11-05,2024 Wisconsin Presidential,Menominee,Kamala Harris,Donald Trump,1266,296,1572,https://elections.wi.gov/sites/default/files/documents/County%20by%20County%20Report_POTUS.pdf
2024-11-05,2024 Wisconsin Presidential,Milwaukee,Kamala Harris,Donald Trump,316292,138022,464107,https://elections.wi.gov/sites/default/files/documents/County%20by%20County%20Report_POTUS.pdf
2024-11-05,2024 Wisconsin Presidential,Monroe,Kamala Harris,Donald Trump,8476,14563,23369,https://elections.wi.gov/sites/default/files/documents/County%20by%20County%20Report_POTUS.pdf
2024-11-05,2024 Wisconsin Presidential,Oconto,Kamala Harris,Donald Trump,6967,17675,24912,https://elections.wi.gov/sites/default/files/documents/County%20by%20County%20Report_POTUS.pdf
2024-11-05,2024 Wisconsin Presidential,Oneida,Kamala Harris,Donald Trump,10080,14455,24895,https://elections.wi.gov/sites/default/files/documents/County%20by%20County%20Report_POTUS.pdf
2024-11-05,2024 Wisconsin Presidential,Outagamie,Kamala Harris,Donald Trump,49438,60827,111932,https://elections.wi.gov/sites/default/files/documents/County%20by%20County%20Report_POTUS.pdf
2024-11-05,2024 Wisconsin Presidential,Ozaukee,Kamala Harris,Donald Trump,27874,34504,63472,https://elections.wi.gov/sites/default/files/documents/County%20by%20County%20Report_POTUS.pdf
2024-11-05,2024 Wisconsin Presidential,Pepin,Kamala Harris,Donald Trump,1523,2798,4354,https://elections.wi.gov/sites/default/files/documents/County%20by%20County%20Report_POTUS.pdf
2024-11-05,2024 Wisconsin Presidential,Pierce,Kamala Harris,Donald Trump,10171,14417,25392,https://elections.wi.gov/sites/default/files/documents/County%20by%20County%20Report_POTUS.pdf
2024-11-05,2024 Wisconsin Presidential,Polk,Kamala Harris,Donald Trump,9567,18296,28222,https://elections.wi.gov/sites/default/files/documents/County%20by%20County%20Report_POTUS.pdf
2024-11-05,2024 Wisconsin Presidential,Portage,Kamala Harris,Donald Trump,21503,20987,43258,https://elections.wi.gov/sites/default/files/documents/County%20by%20County%20Report_POTUS.pdf
2024-11-05,2024 Wisconsin Presidential,Price,Kamala Harris,Donald Trump,3005,5763,8856,https://elections.wi.gov/sites/default/files/documents/County%20by%20County%20Report_POTUS.pdf
2024-11-05,2024 Wisconsin Presidential,Racine,Kamala Harris,Donald Trump,49721,56347,107686,https://elections.wi.gov/sites/default/files/documents/County%20by%20County%20Report_POTUS.pdf
2024-11-05,2024 Wisconsin Presidential,Richland,Kamala Harris,Donald Trump,3985,5207,9323,https://elections.wi.gov/sites/default/files/documents/County%20by%20County%20Report_POTUS.pdf
2024-11-05,2024 Wisconsin Presidential,Rock,Kamala Harris,Donald Trump,46642,40218,88310,https://elections.wi.gov/sites/default/files/documents/County%20by%20County%20Report_POTUS.pdf
2024-11-05,2024 Wisconsin Presidential,Rusk,Kamala Harris,Donald Trump,2516,5660,8270,https://elections.wi.gov/sites/default/files/documents/County%20by%20County%20Report_POTUS.pdf
2024-11-05,2024 Wisconsin Presidential,Sauk,Kamala Harris,Donald Trump,18172,18798,37584,https://elections.wi.gov/sites/default/files/documents/County%20by%20County%20Report_POTUS.pdf
2024-11-05,2024 Wisconsin Presidential,Sawyer,Kamala Harris,Donald Trump,4599,6422,11140,https://elections.wi.gov/sites/default/files/documents/County%20by%20County%20Report_POTUS.pdf
2024-11-05,2024 Wisconsin Presidential,Shawano,Kamala Harris,Donald Trump,7336,15850,23500,https://elections.wi.gov/sites/default/files/documents/County%20by%20County%20Report_POTUS.pdf
2024-11-05,2024 Wisconsin Presidential,Sheboygan,Kamala Harris,Donald Trump,27735,38763,67562,https://elections.wi.gov/sites/default/files/documents/County%20by%20County%20Report_POTUS.pdf
2024-11-05,2024 Wisconsin Presidential,St. Croix,Kamala Harris,Donald Trump,23870,35537,60642,https://elections.wi.gov/sites/default/files/documents/County%20by%20County%20Report_POTUS.pdf
2024-11-05,2024 Wisconsin Presidential,Taylor,Kamala Harris,Donald Trump,2823,8209,11186,https://elections.wi.gov/sites/default/files/documents/County%20by%20County%20Report_POTUS.pdf
2024-11-05,2024 Wisconsin Presidential,Trempealeau,Kamala Harris,Donald Trump,6219,9661,16079,https://elections.wi.gov/sites/default/files/documents/County%20by%20County%20Report_POTUS.pdf
2024-11-05,2024 Wisconsin Presidential,Vernon,Kamala Harris,Donald Trump,7514,8807,16609,https://elections.wi.gov/sites/default/files/documents/County%20by%20County%20Report_POTUS.pdf
2024-11-05,2024 Wisconsin Presidential,Vilas,Kamala Harris,Donald Trump,6119,9837,16135,https://elections.wi.gov/sites/default/files/documents/County%20by%20County%20Report_POTUS.pdf
2024-11-05,2024 Wisconsin Presidential,Walworth,Kamala Harris,Donald Trump,23161,36603,60597,https://elections.wi.gov/sites/default/files/documents/County%20by%20County%20Report_POTUS.pdf
2024-11-05,2024 Wisconsin Presidential,Washburn,Kamala Harris,Donald Trump,3867,6962,10978,https://elections.wi.gov/sites/default/files/documents/County%20by%20County%20Report_POTUS.pdf
2024-11-05,2024 Wisconsin Presidential,Washington,Kamala Harris,Donald Trump,28504,61604,91407,https://elections.wi.gov/sites/default/files/documents/County%20by%20County%20Report_POTUS.pdf
2024-11-05,2024 Wisconsin Presidential,Waukesha,Kamala Harris,Donald Trump,108478,162768,275787,https://elections.wi.gov/sites/default/files/documents/County%20by%20County%20Report_POTUS.pdf
2024-11-05,2024 Wisconsin Presidential,Waupaca,Kamala Harris,Donald Trump,9947,20093,30403,https://elections.wi.gov/sites/default/files/documents/County%20by%20County%20Report_POTUS.pdf
2024-11-05,2024 Wisconsin Presidential,Waushara,Kamala Harris,Donald Trump,4571,9625,14363,https://elections.wi.gov/sites/default/files/documents/County%20by%20County%20Report_POTUS.pdf
2024-11-05,2024 Wisconsin Presidential,Winnebago,Kamala Harris,Donald Trump,44660,49179,95371,https://elections.wi.gov/sites/default/files/documents/County%20by%20County%20Report_POTUS.pdf
2024-11-05,2024 Wisconsin Presidential,Wood,Kamala Harris,Donald Trump,16599,24997,42216,https://elections.wi.gov/sites/default/files/documents/County%20by%20County%20Report_POTUS.pdf
2024-11-05,2024 Wisconsin U.S. Senate,Adams,Tammy Baldwin,Eric Hovde,4806,7551,12759,https://elections.wi.gov/sites/default/files/documents/County%20by%20County%20Report_US%20Senate_1.pdf
2024-11-05,2024 Wisconsin U.S. Senate,Ashland,Tammy Baldwin,Eric Hovde,4775,3844,8839,https://elections.wi.gov/sites/default/files/documents/County%20by%20County%20Report_US%20Senate_1.pdf
2024-11-05,2024 Wisconsin U.S. Senate,Barron,Tammy Baldwin,Eric Hovde,9352,16462,26541,https://elections.wi.gov/sites/default/files/documents/County%20by%20County%20Report_US%20Senate_1.pdf
2024-11-05,2024 Wisconsin U.S. Senate,Bayfield,Tammy Baldwin,Eric Hovde,6260,4697,11169,https://elections.wi.gov/sites/default/files/documents/County%20by%20County%20Report_US%20Senate_1.pdf
2024-11-05,2024 Wisconsin U.S. Senate,Brown,Tammy Baldwin,Eric Hovde,67789,76722,147871,https://elections.wi.gov/sites/default/files/documents/County%20by%20County%20Report_US%20Senate_1.pdf
2024-11-05,2024 Wisconsin U.S. Senate,Buffalo,Tammy Baldwin,Eric Hovde,2913,4898,8019,https://elections.wi.gov/sites/default/files/documents/County%20by%20County%20Report_US%20Senate_1.pdf
2024-11-05,2024 Wisconsin U.S. Senate,Burnett,Tammy Baldwin,Eric Hovde,3730,6745,10731,https://elections.wi.gov/sites/default/files/documents/County%20by%20County%20Report_US%20Senate_1.pdf
2024-11-05,2024 Wisconsin U.S. Senate,Calumet,Tammy Baldwin,Eric Hovde,12850,19075,32674,https://elections.wi.gov/sites/default/files/documents/County%20by%20County%20Report_US%20Senate_1.pdf
2024-11-05,2024 Wisconsin U.S. Senate,Chippewa,Tammy Baldwin,Eric Hovde,14875,22189,38055,https://elections.wi.gov/sites/default/files/documents/County%20by%20County%20Report_US%20Senate_1.pdf
2024-11-05,2024 Wisconsin U.S. Senate,Clark,Tammy Baldwin,Eric Hovde,4819,9917,15177,https://elections.wi.gov/sites/default/files/documents/County%20by%20County%20Report_US%20Senate_1.pdf
2024-11-05,2024 Wisconsin U.S. Senate,Columbia,Tammy Baldwin,Eric Hovde,16753,17120,34624,https://elections.wi.gov/sites/default/files/documents/County%20by%20County%20Report_US%20Senate_1.pdf
2024-11-05,2024 Wisconsin U.S. Senate,Crawford,Tammy Baldwin,Eric Hovde,4026,4761,9042,https://elections.wi.gov/sites/default/files/documents/County%20by%20County%20Report_US%20Senate_1.pdf
2024-11-05,2024 Wisconsin U.S. Senate,Dane,Tammy Baldwin,Eric Hovde,273696,84762,363441,https://elections.wi.gov/sites/default/files/documents/County%20by%20County%20Report_US%20Senate_1.pdf
2024-11-05,2024 Wisconsin U.S. Senate,Dodge,Tammy Baldwin,Eric Hovde,16819,31928,49895,https://elections.wi.gov/sites/default/files/documents/County%20by%20County%20Report_US%20Senate_1.pdf
2024-11-05,2024 Wisconsin U.S. Senate,Door,Tammy Baldwin,Eric Hovde,10503,9942,20808,https://elections.wi.gov/sites/default/files/documents/County%20by%20County%20Report_US%20Senate_1.pdf
2024-11-05,2024 Wisconsin U.S. Senate,Douglas,Tammy Baldwin,Eric Hovde,13119,11105,24889,https://elections.wi.gov/sites/default/files/documents/County%20by%20County%20Report_US%20Senate_1.pdf
2024-11-05,2024 Wisconsin U.S. Senate,Dunn,Tammy Baldwin,Eric Hovde,10795,13983,25376,https://elections.wi.gov/sites/default/files/documents/County%20by%20County%20Report_US%20Senate_1.pdf
2024-11-05,2024 Wisconsin U.S. Senate,Eau Claire,Tammy Baldwin,Eric Hovde,34382,26584,62389,https://elections.wi.gov/sites/default/files/documents/County%20by%20County%20Report_US%20Senate_1.pdf
2024-11-05,2024 Wisconsin U.S. Senate,Florence,Tammy Baldwin,Eric Hovde,788,2272,3134,https://elections.wi.gov/sites/default/files/documents/County%20by%20County%20Report_US%20Senate_1.pdf
2024-11-05,2024 Wisconsin U.S. Senate,Fond Du Lac,Tammy Baldwin,Eric Hovde,20777,35909,58039,https://elections.wi.gov/sites/default/files/documents/County%20by%20County%20Report_US%20Senate_1.pdf
2024-11-05,2024 Wisconsin U.S. Senate,Forest,Tammy Baldwin,Eric Hovde,1853,3200,5191,https://elections.wi.gov/sites/default/files/documents/County%20by%20County%20Report_US%20Senate_1.pdf
2024-11-05,2024 Wisconsin U.S. Senate,Grant,Tammy Baldwin,Eric Hovde,11300,14995,26910,https://elections.wi.gov/sites/default/files/documents/County%20by%20County%20Report_US%20Senate_1.pdf
2024-11-05,2024 Wisconsin U.S. Senate,Green,Tammy Baldwin,Eric Hovde,11188,10280,21934,https://elections.wi.gov/sites/default/files/documents/County%20by%20County%20Report_US%20Senate_1.pdf
2024-11-05,2024 Wisconsin U.S. Senate,Green Lake,Tammy Baldwin,Eric Hovde,3592,7138,10986,https://elections.wi.gov/sites/default/files/documents/County%20by%20County%20Report_US%20Senate_1.pdf
2024-11-05,2024 Wisconsin U.S. Senate,Iowa,Tammy Baldwin,Eric Hovde,7946,6323,14566,https://elections.wi.gov/sites/default/files/documents/County%20by%20County%20Report_US%20Senate_1.pdf
2024-11-05,2024 Wisconsin U.S. Senate,Iron,Tammy Baldwin,Eric Hovde,1513,2445,4036,https://elections.wi.gov/sites/default/files/documents/County%20by%20County%20Report_US%20Senate_1.pdf
2024-11-05,2024 Wisconsin U.S. Senate,Jackson,Tammy Baldwin,Eric Hovde,4314,5764,10401,https://elections.wi.gov/sites/default/files/documents/County%20by%20County%20Report_US%20Senate_1.pdf
2024-11-05,2024 Wisconsin U.S. Senate,Jefferson,Tammy Baldwin,Eric Hovde,20631,28005,49689,https://elections.wi.gov/sites/default/files/documents/County%20by%20County%20Report_US%20Senate_1.pdf
2024-11-05,2024 Wisconsin U.S. Senate,Juneau,Tammy Baldwin,Eric Hovde,4991,8993,14436,https://elections.wi.gov/sites/default/files/documents/County%20by%20County%20Report_US%20Senate_1.pdf
2024-11-05,2024 Wisconsin U.S. Senate,Kenosha,Tammy Baldwin,Eric Hovde,41946,45165,89598,https://elections.wi.gov/sites/default/files/documents/County%20by%20County%20Report_US%20Senate_1.pdf
2024-11-05,2024 Wisconsin U.S. Senate,Kewaunee,Tammy Baldwin,Eric Hovde,4254,7869,12378,https://elections.wi.gov/sites/default/files/documents/County%20by%20County%20Report_US%20Senate_1.pdf
2024-11-05,2024 Wisconsin U.S. Senate,La Crosse,Tammy Baldwin,Eric Hovde,39268,30746,71615,https://elections.wi.gov/sites/default/files/documents/County%20by%20County%20Report_US%20Senate_1.pdf
2024-11-05,2024 Wisconsin U.S. Senate,Lafayette,Tammy Baldwin,Eric Hovde,3763,4838,8768,https://elections.wi.gov/sites/default/files/documents/County%20by%20County%20Report_US%20Senate_1.pdf
2024-11-05,2024 Wisconsin U.S. Senate,Langlade,Tammy Baldwin,Eric Hovde,3830,7444,11558,https://elections.wi.gov/sites/default/files/documents/County%20by%20County%20Report_US%20Senate_1.pdf
2024-11-05,2024 Wisconsin U.S. Senate,Lincoln,Tammy Baldwin,Eric Hovde,6572,10119,17092,https://elections.wi.gov/sites/default/files/documents/County%20by%20County%20Report_US%20Senate_1.pdf
2024-11-05,2024 Wisconsin U.S. Senate,Manitowoc,Tammy Baldwin,Eric Hovde,17627,27201,45966,https://elections.wi.gov/sites/default/files/documents/County%20by%20County%20Report_US%20Senate_1.pdf
2024-11-05,2024 Wisconsin U.S. Senate,Marathon,Tammy Baldwin,Eric Hovde,31883,44779,78312,https://elections.wi.gov/sites/default/files/documents/County%20by%20County%20Report_US%20Senate_1.pdf
2024-11-05,2024 Wisconsin U.S. Senate,Marinette,Tammy Baldwin,Eric Hovde,7678,15730,24129,https://elections.wi.gov/sites/default/files/documents/County%20by%20County%20Report_US%20Senate_1.pdf
2024-11-05,2024 Wisconsin U.S. Senate,Marquette,Tammy Baldwin,Eric Hovde,3405,5729,9371,https://elections.wi.gov/sites/default/files/documents/County%20by%20County%20Report_US%20Senate_1.pdf
2024-11-05,2024 Wisconsin U.S. Senate,Menominee,Tammy Baldwin,Eric Hovde,1203,288,1535,https://elections.wi.gov/sites/default/files/documents/County%20by%20County%20Report_US%20Senate_1.pdf
2024-11-05,2024 Wisconsin U.S. Senate,Milwaukee,Tammy Baldwin,Eric Hovde,315402,131700,457507,https://elections.wi.gov/sites/default/files/documents/County%20by%20County%20Report_US%20Senate_1.pdf
2024-11-05,2024 Wisconsin U.S. Senate,Monroe,Tammy Baldwin,Eric Hovde,8647,13860,23163,https://elections.wi.gov/sites/default/files/documents/County%20by%20County%20Report_US%20Senate_1.pdf
2024-11-05,2024 Wisconsin U.S. Senate,Oconto,Tammy Baldwin,Eric Hovde,7180,16959,24705,https://elections.wi.gov/sites/default/files/documents/County%20by%20County%20Report_US%20Senate_1.pdf
2024-11-05,2024 Wisconsin U.S. Senate,Oneida,Tammy Baldwin,Eric Hovde,10272,13898,24667,https://elections.wi.gov/sites/default/files/documents/County%20by%20County%20Report_US%20Senate_1.pdf
2024-11-05,2024 Wisconsin U.S. Senate,Outagamie,Tammy Baldwin,Eric Hovde,49196,59077,111106,https://elections.wi.gov/sites/default/files/documents/County%20by%20County%20Report_US%20Senate_1.pdf
2024-11-05,2024 Wisconsin U.S. Senate,Ozaukee,Tammy Baldwin,Eric Hovde,27208,34914,63073,https://elections.wi.gov/sites/default/files/documents/County%20by%20County%20Report_US%20Senate_1.pdf
2024-11-05,2024 Wisconsin U.S. Senate,Pepin,Tammy Baldwin,Eric Hovde,1591,2636,4318,https://elections.wi.gov/sites/default/files/documents/County%20by%20County%20Report_US%20Senate_1.pdf
2024-11-05,2024 Wisconsin U.S. Senate,Pierce,Tammy Baldwin,Eric Hovde,10407,14172,25138,https://elections.wi.gov/sites/default/files/documents/County%20by%20County%20Report_US%20Senate_1.pdf
2024-11-05,2024 Wisconsin U.S. Senate,Polk,Tammy Baldwin,Eric Hovde,9710,17446,27931,https://elections.wi.gov/sites/default/files/documents/County%20by%20County%20Report_US%20Senate_1.pdf
2024-11-05,2024 Wisconsin U.S. Senate,Portage,Tammy Baldwin,Eric Hovde,21989,20082,42932,https://elections.wi.gov/sites/default/files/documents/County%20by%20County%20Report_US%20Senate_1.pdf
2024-11-05,2024 Wisconsin U.S. Senate,Price,Tammy Baldwin,Eric Hovde,3181,5424,8806,https://elections.wi.gov/sites/default/files/documents/County%20by%20County%20Report_US%20Senate_1.pdf
2024-11-05,2024 Wisconsin U.S. Senate,Racine,Tammy Baldwin,Eric Hovde,49333,54789,106626,https://elections.wi.gov/sites/default/files/documents/County%20by%20County%20Report_US%20Senate_1.pdf
2024-11-05,2024 Wisconsin U.S. Senate,Richland,Tammy Baldwin,Eric Hovde,4111,4912,9233,https://elections.wi.gov/sites/default/files/documents/County%20by%20County%20Report_US%20Senate_1.pdf
2024-11-05,2024 Wisconsin U.S. Senate,Rock,Tammy Baldwin,Eric Hovde,47080,38097,87434,https://elections.wi.gov/sites/default/files/documents/County%20by%20County%20Report_US%20Senate_1.pdf
2024-11-05,2024 Wisconsin U.S. Senate,Rusk,Tammy Baldwin,Eric Hovde,2548,5372,8201,https://elections.wi.gov/sites/default/files/documents/County%20by%20County%20Report_US%20Senate_1.pdf
2024-11-05,2024 Wisconsin U.S. Senate,Sauk,Tammy Baldwin,Eric Hovde,18429,17895,37177,https://elections.wi.gov/sites/default/files/documents/County%20by%20County%20Report_US%20Senate_1.pdf
2024-11-05,2024 Wisconsin U.S. Senate,Sawyer,Tammy Baldwin,Eric Hovde,4621,6208,11033,https://elections.wi.gov/sites/default/files/documents/County%20by%20County%20Report_US%20Senate_1.pdf
2024-11-05,2024 Wisconsin U.S. Senate,Shawano,Tammy Baldwin,Eric Hovde,7549,15052,23298,https://elections.wi.gov/sites/default/files/documents/County%20by%20County%20Report_US%20Senate_1.pdf
2024-11-05,2024 Wisconsin U.S. Senate,Sheboygan,Tammy Baldwin,Eric Hovde,27552,37747,66904,https://elections.wi.gov/sites/default/files/documents/County%20by%20County%20Report_US%20Senate_1.pdf
2024-11-05,2024 Wisconsin U.S. Senate,St. Croix,Tammy Baldwin,Eric Hovde,23792,34844,60029,https://elections.wi.gov/sites/default/files/documents/County%20by%20County%20Report_US%20Senate_1.pdf
2024-11-05,2024 Wisconsin U.S. Senate,Taylor,Tammy Baldwin,Eric Hovde,2943,7892,11122,https://elections.wi.gov/sites/default/files/documents/County%20by%20County%20Report_US%20Senate_1.pdf
2024-11-05,2024 Wisconsin U.S. Senate,Trempealeau,Tammy Baldwin,Eric Hovde,6424,9118,15922,https://elections.wi.gov/sites/default/files/documents/County%20by%20County%20Report_US%20Senate_1.pdf
2024-11-05,2024 Wisconsin U.S. Senate,Vernon,Tammy Baldwin,Eric Hovde,7765,8312,16482,https://elections.wi.gov/sites/default/files/documents/County%20by%20County%20Report_US%20Senate_1.pdf
2024-11-05,2024 Wisconsin U.S. Senate,Vilas,Tammy Baldwin,Eric Hovde,6120,9607,16015,https://elections.wi.gov/sites/default/files/documents/County%20by%20County%20Report_US%20Senate_1.pdf
2024-11-05,2024 Wisconsin U.S. Senate,Walworth,Tammy Baldwin,Eric Hovde,22882,35692,60028,https://elections.wi.gov/sites/default/files/documents/County%20by%20County%20Report_US%20Senate_1.pdf
2024-11-05,2024 Wisconsin U.S. Senate,Washburn,Tammy Baldwin,Eric Hovde,3916,6724,10882,https://elections.wi.gov/sites/default/files/documents/County%20by%20County%20Report_US%20Senate_1.pdf
2024-11-05,2024 Wisconsin U.S. Senate,Washington,Tammy Baldwin,Eric Hovde,28053,61163,90742,https://elections.wi.gov/sites/default/files/documents/County%20by%20County%20Report_US%20Senate_1.pdf
2024-11-05,2024 Wisconsin U.S. Senate,Waukesha,Tammy Baldwin,Eric Hovde,105781,163590,273681,https://elections.wi.gov/sites/default/files/documents/County%20by%20County%20Report_US%20Senate_1.pdf
2024-11-05,2024 Wisconsin U.S. Senate,Waupaca,Tammy Baldwin,Eric Hovde,10013,19117,30107,https://elections.wi.gov/sites/default/files/documents/County%20by%20County%20Report_US%20Senate_1.pdf
2024-11-05,2024 Wisconsin U.S. Senate,Waushara,Tammy Baldwin,Eric Hovde,4643,9253,14250,https://elections.wi.gov/sites/default/files/documents/County%20by%20County%20Report_US%20Senate_1.pdf
2024-11-05,2024 Wisconsin U.S. Senate,Winnebago,Tammy Baldwin,Eric Hovde,44721,47265,94501,https://elections.wi.gov/sites/default/files/documents/County%20by%20County%20Report_US%20Senate_1.pdf
2024-11-05,2024 Wisconsin U.S. Senate,Wood,Tammy Baldwin,Eric Hovde,17134,23662,41831,https://elections.wi.gov/sites/default/files/documents/County%20by%20County%20Report_US%20Senate_1.pdf
2025-04-01,2025 Wisconsin Supreme Court,Adams]],Susan Crawford,Brad Schimel,3600,5171,8777,https://en.wikipedia.org/w/index.php?title=2025_Wisconsin_Supreme_Court_election&action=raw
2025-04-01,2025 Wisconsin Supreme Court,Ashland]],Susan Crawford,Brad Schimel,3869,2816,6692,https://en.wikipedia.org/w/index.php?title=2025_Wisconsin_Supreme_Court_election&action=raw
2025-04-01,2025 Wisconsin Supreme Court,Barron]],Susan Crawford,Brad Schimel,7037,10719,17762,https://en.wikipedia.org/w/index.php?title=2025_Wisconsin_Supreme_Court_election&action=raw
2025-04-01,2025 Wisconsin Supreme Court,Bayfield]],Susan Crawford,Brad Schimel,5228,3413,8643,https://en.wikipedia.org/w/index.php?title=2025_Wisconsin_Supreme_Court_election&action=raw
2025-04-01,2025 Wisconsin Supreme Court,Brown]],Susan Crawford,Brad Schimel,51403,48228,99685,https://en.wikipedia.org/w/index.php?title=2025_Wisconsin_Supreme_Court_election&action=raw
2025-04-01,2025 Wisconsin Supreme Court,Buffalo]],Susan Crawford,Brad Schimel,2310,3227,5585,https://en.wikipedia.org/w/index.php?title=2025_Wisconsin_Supreme_Court_election&action=raw
2025-04-01,2025 Wisconsin Supreme Court,Burnett]],Susan Crawford,Brad Schimel,2728,4559,7287,https://en.wikipedia.org/w/index.php?title=2025_Wisconsin_Supreme_Court_election&action=raw
2025-04-01,2025 Wisconsin Supreme Court,Calumet]],Susan Crawford,Brad Schimel,9743,12288,22043,https://en.wikipedia.org/w/index.php?title=2025_Wisconsin_Supreme_Court_election&action=raw
2025-04-01,2025 Wisconsin Supreme Court,Chippewa]],Susan Crawford,Brad Schimel,11580,14036,25634,https://en.wikipedia.org/w/index.php?title=2025_Wisconsin_Supreme_Court_election&action=raw
2025-04-01,2025 Wisconsin Supreme Court,Clark]],Susan Crawford,Brad Schimel,3815,6639,10462,https://en.wikipedia.org/w/index.php?title=2025_Wisconsin_Supreme_Court_election&action=raw
2025-04-01,2025 Wisconsin Supreme Court,Columbia]],Susan Crawford,Brad Schimel,13248,11091,24355,https://en.wikipedia.org/w/index.php?title=2025_Wisconsin_Supreme_Court_election&action=raw
2025-04-01,2025 Wisconsin Supreme Court,Crawford]],Susan Crawford,Brad Schimel,3354,3191,6549,https://en.wikipedia.org/w/index.php?title=2025_Wisconsin_Supreme_Court_election&action=raw
2025-04-01,2025 Wisconsin Supreme Court,Dane]],Susan Crawford,Brad Schimel,234129,52372,286703,https://en.wikipedia.org/w/index.php?title=2025_Wisconsin_Supreme_Court_election&action=raw
2025-04-01,2025 Wisconsin Supreme Court,Dodge]],Susan Crawford,Brad Schimel,12796,21251,34047,https://en.wikipedia.org/w/index.php?title=2025_Wisconsin_Supreme_Court_election&action=raw
2025-04-01,2025 Wisconsin Supreme Court,Door]],Susan Crawford,Brad Schimel,8592,6716,15315,https://en.wikipedia.org/w/index.php?title=2025_Wisconsin_Supreme_Court_election&action=raw
2025-04-01,2025 Wisconsin Supreme Court,Douglas]],Susan Crawford,Brad Schimel,9501,6565,16077,https://en.wikipedia.org/w/index.php?title=2025_Wisconsin_Supreme_Court_election&action=raw
2025-04-01,2025 Wisconsin Supreme Court,Dunn]],Susan Crawford,Brad Schimel,8545,8586,17131,https://en.wikipedia.org/w/index.php?title=2025_Wisconsin_Supreme_Court_election&action=raw
2025-04-01,2025 Wisconsin Supreme Court,Eau Claire]],Susan Crawford,Brad Schimel,27618,16334,43988,https://en.wikipedia.org/w/index.php?title=2025_Wisconsin_Supreme_Court_election&action=raw
2025-04-01,2025 Wisconsin Supreme Court,Florence]],Susan Crawford,Brad Schimel,557,1472,2029,https://en.wikipedia.org/w/index.php?title=2025_Wisconsin_Supreme_Court_election&action=raw
2025-04-01,2025 Wisconsin Supreme Court,Fond du Lac]],Susan Crawford,Brad Schimel,15634,23842,39477,https://en.wikipedia.org/w/index.php?title=2025_Wisconsin_Supreme_Court_election&action=raw
2025-04-01,2025 Wisconsin Supreme Court,Forest]],Susan Crawford,Brad Schimel,1196,2159,3357,https://en.wikipedia.org/w/index.php?title=2025_Wisconsin_Supreme_Court_election&action=raw
2025-04-01,2025 Wisconsin Supreme Court,Grant]],Susan Crawford,Brad Schimel,8722,8796,17528,https://en.wikipedia.org/w/index.php?title=2025_Wisconsin_Supreme_Court_election&action=raw
2025-04-01,2025 Wisconsin Supreme Court,Green Lake]],Susan Crawford,Brad Schimel,2626,4718,7346,https://en.wikipedia.org/w/index.php?title=2025_Wisconsin_Supreme_Court_election&action=raw
2025-04-01,2025 Wisconsin Supreme Court,Green]],Susan Crawford,Brad Schimel,9343,6662,16013,https://en.wikipedia.org/w/index.php?title=2025_Wisconsin_Supreme_Court_election&action=raw
2025-04-01,2025 Wisconsin Supreme Court,Iowa]],Susan Crawford,Brad Schimel,6671,4123,10801,https://en.wikipedia.org/w/index.php?title=2025_Wisconsin_Supreme_Court_election&action=raw
2025-04-01,2025 Wisconsin Supreme Court,Iron]],Susan Crawford,Brad Schimel,1174,1572,2746,https://en.wikipedia.org/w/index.php?title=2025_Wisconsin_Supreme_Court_election&action=raw
2025-04-01,2025 Wisconsin Supreme Court,Jackson]],Susan Crawford,Brad Schimel,3499,3683,7182,https://en.wikipedia.org/w/index.php?title=2025_Wisconsin_Supreme_Court_election&action=raw
2025-04-01,2025 Wisconsin Supreme Court,Jefferson]],Susan Crawford,Brad Schimel,16230,18334,34591,https://en.wikipedia.org/w/index.php?title=2025_Wisconsin_Supreme_Court_election&action=raw
2025-04-01,2025 Wisconsin Supreme Court,Juneau]],Susan Crawford,Brad Schimel,3850,5579,9436,https://en.wikipedia.org/w/index.php?title=2025_Wisconsin_Supreme_Court_election&action=raw
2025-04-01,2025 Wisconsin Supreme Court,Kenosha]],Susan Crawford,Brad Schimel,30434,27277,57766,https://en.wikipedia.org/w/index.php?title=2025_Wisconsin_Supreme_Court_election&action=raw
2025-04-01,2025 Wisconsin Supreme Court,Kewaunee]],Susan Crawford,Brad Schimel,3191,5353,8549,https://en.wikipedia.org/w/index.php?title=2025_Wisconsin_Supreme_Court_election&action=raw
2025-04-01,2025 Wisconsin Supreme Court,La Crosse]],Susan Crawford,Brad Schimel,30540,17954,48494,https://en.wikipedia.org/w/index.php?title=2025_Wisconsin_Supreme_Court_election&action=raw
2025-04-01,2025 Wisconsin Supreme Court,Lafayette]],Susan Crawford,Brad Schimel,2900,3065,5965,https://en.wikipedia.org/w/index.php?title=2025_Wisconsin_Supreme_Court_election&action=raw
2025-04-01,2025 Wisconsin Supreme Court,Langlade]],Susan Crawford,Brad Schimel,2859,4825,7684,https://en.wikipedia.org/w/index.php?title=2025_Wisconsin_Supreme_Court_election&action=raw
2025-04-01,2025 Wisconsin Supreme Court,Lincoln]],Susan Crawford,Brad Schimel,4617,6363,10988,https://en.wikipedia.org/w/index.php?title=2025_Wisconsin_Supreme_Court_election&action=raw
2025-04-01,2025 Wisconsin Supreme Court,Manitowoc]],Susan Crawford,Brad Schimel,13919,18596,32537,https://en.wikipedia.org/w/index.php?title=2025_Wisconsin_Supreme_Court_election&action=raw
2025-04-01,2025 Wisconsin Supreme Court,Marathon]],Susan Crawford,Brad Schimel,23964,29369,53362,https://en.wikipedia.org/w/index.php?title=2025_Wisconsin_Supreme_Court_election&action=raw
2025-04-01,2025 Wisconsin Supreme Court,Marinette]],Susan Crawford,Brad Schimel,5656,10031,15703,https://en.wikipedia.org/w/index.php?title=2025_Wisconsin_Supreme_Court_election&action=raw
2025-04-01,2025 Wisconsin Supreme Court,Marquette]],Susan Crawford,Brad Schimel,2529,3870,6401,https://en.wikipedia.org/w/index.php?title=2025_Wisconsin_Supreme_Court_election&action=raw
2025-04-01,2025 Wisconsin Supreme Court,Menominee]],Susan Crawford,Brad Schimel,837,191,1028,https://en.wikipedia.org/w/index.php?title=2025_Wisconsin_Supreme_Court_election&action=raw
2025-04-01,2025 Wisconsin Supreme Court,Milwaukee]],Susan Crawford,Brad Schimel,227345,77299,304885,https://en.wikipedia.org/w/index.php?title=2025_Wisconsin_Supreme_Court_election&action=raw
2025-04-01,2025 Wisconsin Supreme Court,Monroe]],Susan Crawford,Brad Schimel,6663,8340,15007,https://en.wikipedia.org/w/index.php?title=2025_Wisconsin_Supreme_Court_election&action=raw
2025-04-01,2025 Wisconsin Supreme Court,Oconto]],Susan Crawford,Brad Schimel,5386,11279,16676,https://en.wikipedia.org/w/index.php?title=2025_Wisconsin_Supreme_Court_election&action=raw
2025-04-01,2025 Wisconsin Supreme Court,Oneida]],Susan Crawford,Brad Schimel,7733,9222,16971,https://en.wikipedia.org/w/index.php?title=2025_Wisconsin_Supreme_Court_election&action=raw
2025-04-01,2025 Wisconsin Supreme Court,Outagamie]],Susan Crawford,Brad Schimel,37732,36740,74472,https://en.wikipedia.org/w/index.php?title=2025_Wisconsin_Supreme_Court_election&action=raw
2025-04-01,2025 Wisconsin Supreme Court,Ozaukee]],Susan Crawford,Brad Schimel,22814,24352,47187,https://en.wikipedia.org/w/index.php?title=2025_Wisconsin_Supreme_Court_election&action=raw
2025-04-01,2025 Wisconsin Supreme Court,Pepin]],Susan Crawford,Brad Schimel,1215,1697,2912,https://en.wikipedia.org/w/index.php?title=2025_Wisconsin_Supreme_Court_election&action=raw
2025-04-01,2025 Wisconsin Supreme Court,Pierce]],Susan Crawford,Brad Schimel,8096,8504,16607,https://en.wikipedia.org/w/index.php?title=2025_Wisconsin_Supreme_Court_election&action=raw
2025-04-01,2025 Wisconsin Supreme Court,Polk]],Susan Crawford,Brad Schimel,7400,11157,18557,https://en.wikipedia.org/w/index.php?title=2025_Wisconsin_Supreme_Court_election&action=raw
2025-04-01,2025 Wisconsin Supreme Court,Portage]],Susan Crawford,Brad Schimel,17476,12812,30301,https://en.wikipedia.org/w/index.php?title=2025_Wisconsin_Supreme_Court_election&action=raw
2025-04-01,2025 Wisconsin Supreme Court,Price]],Susan Crawford,Brad Schimel,2459,3865,6324,https://en.wikipedia.org/w/index.php?title=2025_Wisconsin_Supreme_Court_election&action=raw
2025-04-01,2025 Wisconsin Supreme Court,Racine]],Susan Crawford,Brad Schimel,37235,36323,73624,https://en.wikipedia.org/w/index.php?title=2025_Wisconsin_Supreme_Court_election&action=raw
2025-04-01,2025 Wisconsin Supreme Court,Richland]],Susan Crawford,Brad Schimel,3309,3043,6355,https://en.wikipedia.org/w/index.php?title=2025_Wisconsin_Supreme_Court_election&action=raw
2025-04-01,2025 Wisconsin Supreme Court,Rock]],Susan Crawford,Brad Schimel,35186,22268,57501,https://en.wikipedia.org/w/index.php?title=2025_Wisconsin_Supreme_Court_election&action=raw
2025-04-01,2025 Wisconsin Supreme Court,Rusk]],Susan Crawford,Brad Schimel,2107,3645,5755,https://en.wikipedia.org/w/index.php?title=2025_Wisconsin_Supreme_Court_election&action=raw
2025-04-01,2025 Wisconsin Supreme Court,Sauk]],Susan Crawford,Brad Schimel,14548,10913,25461,https://en.wikipedia.org/w/index.php?title=2025_Wisconsin_Supreme_Court_election&action=raw
2025-04-01,2025 Wisconsin Supreme Court,Sawyer]],Susan Crawford,Brad Schimel,3464,4234,7704,https://en.wikipedia.org/w/index.php?title=2025_Wisconsin_Supreme_Court_election&action=raw
2025-04-01,2025 Wisconsin Supreme Court,Shawano]],Susan Crawford,Brad Schimel,5467,9643,15117,https://en.wikipedia.org/w/index.php?title=2025_Wisconsin_Supreme_Court_election&action=raw
2025-04-01,2025 Wisconsin Supreme Court,Sheboygan]],Susan Crawford,Brad Schimel,21280,25130,46448,https://en.wikipedia.org/w/index.php?title=2025_Wisconsin_Supreme_Court_election&action=raw
2025-04-01,2025 Wisconsin Supreme Court,St. Croix]],Susan Crawford,Brad Schimel,18477,21738,40238,https://en.wikipedia.org/w/index.php?title=2025_Wisconsin_Supreme_Court_election&action=raw
2025-04-01,2025 Wisconsin Supreme Court,Taylor]],Susan Crawford,Brad Schimel,2176,5264,7440,https://en.wikipedia.org/w/index.php?title=2025_Wisconsin_Supreme_Court_election&action=raw
2025-04-01,2025 Wisconsin Supreme Court,Trempealeau]],Susan Crawford,Brad Schimel,5068,5702,10773,https://en.wikipedia.org/w/index.php?title=2025_Wisconsin_Supreme_Court_election&action=raw
2025-04-01,2025 Wisconsin Supreme Court,Vernon]],Susan Crawford,Brad Schimel,6612,5696,12318,https://en.wikipedia.org/w/index.php?title=2025_Wisconsin_Supreme_Court_election&action=raw
2025-04-01,2025 Wisconsin Supreme Court,Vilas]],Susan Crawford,Brad Schimel,4572,6541,11126,https://en.wikipedia.org/w/index.php?title=2025_Wisconsin_Supreme_Court_election&action=raw
2025-04-01,2025 Wisconsin Supreme Court,Walworth]],Susan Crawford,Brad Schimel,18461,23620,42112,https://en.wikipedia.org/w/index.php?title=2025_Wisconsin_Supreme_Court_election&action=raw
2025-04-01,2025 Wisconsin Supreme Court,Washburn]],Susan Crawford,Brad Schimel,3129,4609,7742,https://en.wikipedia.org/w/index.php?title=2025_Wisconsin_Supreme_Court_election&action=raw
2025-04-01,2025 Wisconsin Supreme Court,Washington]],Susan Crawford,Brad Schimel,21906,42972,64912,https://en.wikipedia.org/w/index.php?title=2025_Wisconsin_Supreme_Court_election&action=raw
2025-04-01,2025 Wisconsin Supreme Court,Waukesha]],Susan Crawford,Brad Schimel,85130,116000,201228,https://en.wikipedia.org/w/index.php?title=2025_Wisconsin_Supreme_Court_election&action=raw
2025-04-01,2025 Wisconsin Supreme Court,Waupaca]],Susan Crawford,Brad Schimel,7706,12334,20054,https://en.wikipedia.org/w/index.php?title=2025_Wisconsin_Supreme_Court_election&action=raw
2025-04-01,2025 Wisconsin Supreme Court,Waushara]],Susan Crawford,Brad Schimel,3498,6386,9884,https://en.wikipedia.org/w/index.php?title=2025_Wisconsin_Supreme_Court_election&action=raw
2025-04-01,2025 Wisconsin Supreme Court,Winnebago]],Susan Crawford,Brad Schimel,34605,30047,64700,https://en.wikipedia.org/w/index.php?title=2025_Wisconsin_Supreme_Court_election&action=raw
2025-04-01,2025 Wisconsin Supreme Court,Wood]],Susan Crawford,Brad Schimel,12838,15919,28778,https://en.wikipedia.org/w/index.php?title=2025_Wisconsin_Supreme_Court_election&action=raw
